Processed,Method,URI,Flags
true,GET,http://192.168.132.128/*,
true,GET,http://192.168.132.128/*;q=0.8,
true,GET,http://192.168.132.128/b,
true,GET,http://192.168.132.128/div,
true,GET,http://192.168.132.128/H1,
true,GET,http://192.168.132.128/home/remastersys/remastersys,
true,GET,http://192.168.132.128/i,
true,GET,http://192.168.132.128/includes/back-button.inc,
true,GET,http://192.168.132.128/mutillidae,Seed
true,GET,http://192.168.132.128/mutillidae/,Seed
true,GET,http://192.168.132.128/mutillidae/?page=add-to-your-blog.php,
true,GET,http://192.168.132.128/mutillidae/?page=credits.php,
true,GET,http://192.168.132.128/mutillidae/?page=login.php,
true,GET,http://192.168.132.128/mutillidae/?page=register.php,
true,GET,http://192.168.132.128/mutillidae/?page=show-log.php,
true,GET,http://192.168.132.128/mutillidae/?page=source-viewer.php,
true,GET,http://192.168.132.128/mutillidae/?page=text-file-viewer.php,
true,GET,http://192.168.132.128/mutillidae/?page=user-info.php,
true,GET,http://192.168.132.128/mutillidae/?page=view-someones-blog.php,
true,GET,http://192.168.132.128/mutillidae/documentation/mutillidae-installation-on-xampp-win7.pdf,
true,GET,http://192.168.132.128/mutillidae/favicon.ico,
true,GET,http://192.168.132.128/mutillidae/framer.html,
true,GET,http://192.168.132.128/mutillidae/function.fopen,
true,GET,http://192.168.132.128/mutillidae/function.fsockopen,
true,GET,http://192.168.132.128/mutillidae/function.include,
true,GET,http://192.168.132.128/mutillidae/images/add_icon.png,
true,GET,http://192.168.132.128/mutillidae/images/back-button-128px-by-128px.png,
true,GET,http://192.168.132.128/mutillidae/images/backtrack-4-r2-logo-90-69.png,
true,GET,http://192.168.132.128/mutillidae/images/bui_eclipse_pos_logo_fc_med.jpg,
true,GET,http://192.168.132.128/mutillidae/images/coykillericon.png,
true,GET,http://192.168.132.128/mutillidae/images/delete-icon-256-256.png,
true,GET,http://192.168.132.128/mutillidae/images/IhackBanner2x_final_print.jpg,
true,GET,http://192.168.132.128/mutillidae/images/information-icon-64-64.png,
true,GET,http://192.168.132.128/mutillidae/images/magnifying-glass-icon.jpeg,
true,GET,http://192.168.132.128/mutillidae/images/owasp-logo-400-300.png,
true,GET,http://192.168.132.128/mutillidae/images/php-mysql-logo-176-200.jpeg,
true,GET,http://192.168.132.128/mutillidae/images/refresh-button-48px-by-48px.png,
true,GET,http://192.168.132.128/mutillidae/images/rene-magritte-frame.jpg,
true,GET,http://192.168.132.128/mutillidae/images/samurai-wtf-logo-320-214.jpeg,
true,GET,http://192.168.132.128/mutillidae/images/toad-for-mysql-77-80.jpg,
true,GET,http://192.168.132.128/mutillidae/images/twitter.gif,
true,GET,http://192.168.132.128/mutillidae/images/youtube_256_256.png,
true,GET,http://192.168.132.128/mutillidae/index.php,
true,GET,http://192.168.132.128/mutillidae/index.php?choice=nmap&initials=ZAP&page=user-poll.php&user-poll-php-submit-button=Submit+Vote,
true,GET,http://192.168.132.128/mutillidae/index.php?do=toggle-hints&page=§pen-test-tool-lookup.php§,
true,GET,http://192.168.132.128/mutillidae/index.php?do=toggle-hints&page=add-to-your-blog.php,
true,GET,http://192.168.132.128/mutillidae/index.php?do=toggle-hints&page=home.php,
true,GET,http://192.168.132.128/mutillidae/index.php?do=toggle-hints&page=login.php,
true,GET,http://192.168.132.128/mutillidae/index.php?do=toggle-hints&page=pen-test-tool-lookup.php,
true,GET,http://192.168.132.128/mutillidae/index.php?do=toggle-hints&page=register.php,
true,GET,http://192.168.132.128/mutillidae/index.php?do=toggle-hints&page=text-file-viewer.php,
true,GET,http://192.168.132.128/mutillidae/index.php?do=toggle-hints&page=user-info.php,
true,GET,http://192.168.132.128/mutillidae/index.php?do=toggle-hints&page=view-someones-blog.php,
true,GET,http://192.168.132.128/mutillidae/index.php?do=toggle-security&page=§pen-test-tool-lookup.php§,
true,GET,http://192.168.132.128/mutillidae/index.php?do=toggle-security&page=add-to-your-blog.php,
true,GET,http://192.168.132.128/mutillidae/index.php?do=toggle-security&page=arbitrary-file-inclusion.php,
true,GET,http://192.168.132.128/mutillidae/index.php?do=toggle-security&page=browser-info.php,
true,GET,http://192.168.132.128/mutillidae/index.php?do=toggle-security&page=capture-data.php,
true,GET,http://192.168.132.128/mutillidae/index.php?do=toggle-security&page=captured-data.php,
true,GET,http://192.168.132.128/mutillidae/index.php?do=toggle-security&page=change-log.htm,
true,GET,http://192.168.132.128/mutillidae/index.php?do=toggle-security&page=credits.php,
true,GET,http://192.168.132.128/mutillidae/index.php?do=toggle-security&page=dns-lookup.php,
true,GET,http://192.168.132.128/mutillidae/index.php?do=toggle-security&page=documentation/how-to-access-Mutillidae-over-Virtual-Box-network.php,
true,GET,http://192.168.132.128/mutillidae/index.php?do=toggle-security&page=documentation/vulnerabilities.php,
true,GET,http://192.168.132.128/mutillidae/index.php?do=toggle-security&page=framing.php,
true,GET,http://192.168.132.128/mutillidae/index.php?do=toggle-security&page=home.php,
true,GET,http://192.168.132.128/mutillidae/index.php?do=toggle-security&page=html5-storage.php,
true,GET,http://192.168.132.128/mutillidae/index.php?do=toggle-security&page=installation.php,
true,GET,http://192.168.132.128/mutillidae/index.php?do=toggle-security&page=login.php,
true,GET,http://192.168.132.128/mutillidae/index.php?do=toggle-security&page=notes.php,
true,GET,http://192.168.132.128/mutillidae/index.php?do=toggle-security&page=password-generator.php,
true,GET,http://192.168.132.128/mutillidae/index.php?do=toggle-security&page=pen-test-tool-lookup.php,
true,GET,http://192.168.132.128/mutillidae/index.php?do=toggle-security&page=php-errors.php,
true,GET,http://192.168.132.128/mutillidae/index.php?do=toggle-security&page=redirectandlog.php,
true,GET,http://192.168.132.128/mutillidae/index.php?do=toggle-security&page=register.php,
true,GET,http://192.168.132.128/mutillidae/index.php?do=toggle-security&page=secret-administrative-pages.php,
true,GET,http://192.168.132.128/mutillidae/index.php?do=toggle-security&page=set-background-color.php,
true,GET,http://192.168.132.128/mutillidae/index.php?do=toggle-security&page=show-log.php,
true,GET,http://192.168.132.128/mutillidae/index.php?do=toggle-security&page=site-footer-xss-discussion.php,
true,GET,http://192.168.132.128/mutillidae/index.php?do=toggle-security&page=source-viewer.php,
true,GET,http://192.168.132.128/mutillidae/index.php?do=toggle-security&page=text-file-viewer.php,
true,GET,http://192.168.132.128/mutillidae/index.php?do=toggle-security&page=usage-instructions.php,
true,GET,http://192.168.132.128/mutillidae/index.php?do=toggle-security&page=user-info.php,
true,GET,http://192.168.132.128/mutillidae/index.php?do=toggle-security&page=user-poll.php,
true,GET,http://192.168.132.128/mutillidae/index.php?do=toggle-security&page=view-someones-blog.php,
true,GET,http://192.168.132.128/mutillidae/index.php?forwardurl=http://pauldotcom.com/&page=redirectandlog.php,
true,GET,http://192.168.132.128/mutillidae/index.php?forwardurl=http://www.irongeek.com/&page=redirectandlog.php,
true,GET,http://192.168.132.128/mutillidae/index.php?forwardurl=http://www.isd-podcast.com/&page=redirectandlog.php,
true,GET,http://192.168.132.128/mutillidae/index.php?forwardurl=http://www.issa-kentuckiana.org/&page=redirectandlog.php,
true,GET,http://192.168.132.128/mutillidae/index.php?forwardurl=http://www.owasp.org/index.php/Louisville&page=redirectandlog.php,
true,GET,http://192.168.132.128/mutillidae/index.php?forwardurl=http://www.owasp.org&page=redirectandlog.php,
true,GET,http://192.168.132.128/mutillidae/index.php?forwardurl=http://www.php.net/&page=redirectandlog.php,
true,GET,http://192.168.132.128/mutillidae/index.php?forwardurl=http://www.pocodoy.com/blog/&page=redirectandlog.php,
true,GET,http://192.168.132.128/mutillidae/index.php?forwardurl=http://www.room362.com/&page=redirectandlog.php,
true,GET,http://192.168.132.128/mutillidae/index.php?forwardurl=https://addons.mozilla.org/en-US/firefox/collections/jdruin/pr/&page=redirectandlog.php,
true,GET,http://192.168.132.128/mutillidae/index.php?page=§pen-test-tool-lookup.php§,
true,GET,http://192.168.132.128/mutillidae/index.php?page=add-to-your-blog.php,
true,POST,http://192.168.132.128/mutillidae/index.php?page=add-to-your-blog.php,
true,POST,http://192.168.132.128/mutillidae/index.php?page=add-to-your-blog.php,
true,POST,http://192.168.132.128/mutillidae/index.php?page=add-to-your-blog.php,
true,POST,http://192.168.132.128/mutillidae/index.php?page=add-to-your-blog.php,
true,POST,http://192.168.132.128/mutillidae/index.php?page=add-to-your-blog.php,
true,POST,http://192.168.132.128/mutillidae/index.php?page=add-to-your-blog.php,
true,POST,http://192.168.132.128/mutillidae/index.php?page=add-to-your-blog.php,
true,GET,http://192.168.132.128/mutillidae/index.php?page=arbitrary-file-inclusion.php,
true,GET,http://192.168.132.128/mutillidae/index.php?page=browser-info.php,
true,GET,http://192.168.132.128/mutillidae/index.php?page=capture-data.php,
true,GET,http://192.168.132.128/mutillidae/index.php?page=captured-data.php,
true,GET,http://192.168.132.128/mutillidae/index.php?page=change-log.htm,
true,GET,http://192.168.132.128/mutillidae/index.php?page=credits.php,
true,GET,http://192.168.132.128/mutillidae/index.php?page=dns-lookup.php,
true,POST,http://192.168.132.128/mutillidae/index.php?page=dns-lookup.php,
true,GET,http://192.168.132.128/mutillidae/index.php?page=documentation/how-to-access-Mutillidae-over-Virtual-Box-network.php,
true,GET,http://192.168.132.128/mutillidae/index.php?page=documentation/vulnerabilities.php,
true,GET,http://192.168.132.128/mutillidae/index.php?page=framing.php,
true,GET,http://192.168.132.128/mutillidae/index.php?page=home.php,
true,GET,http://192.168.132.128/mutillidae/index.php?page=html5-storage.php,
true,POST,http://192.168.132.128/mutillidae/index.php?page=html5-storage.php,
true,GET,http://192.168.132.128/mutillidae/index.php?page=installation.php,
true,GET,http://192.168.132.128/mutillidae/index.php?page=login.php,
true,POST,http://192.168.132.128/mutillidae/index.php?page=login.php,
true,GET,http://192.168.132.128/mutillidae/index.php?page=notes.php,
true,GET,http://192.168.132.128/mutillidae/index.php?page=password-generator.php,
true,GET,http://192.168.132.128/mutillidae/index.php?page=password-generator.php&username=anonymous,
true,GET,http://192.168.132.128/mutillidae/index.php?page=pen-test-tool-lookup.php,
true,POST,http://192.168.132.128/mutillidae/index.php?page=pen-test-tool-lookup.php,
true,GET,http://192.168.132.128/mutillidae/index.php?page=php-errors.php,
true,GET,http://192.168.132.128/mutillidae/index.php?page=redirectandlog.php,
true,GET,http://192.168.132.128/mutillidae/index.php?page=register.php,
true,POST,http://192.168.132.128/mutillidae/index.php?page=register.php,
true,GET,http://192.168.132.128/mutillidae/index.php?page=rene-magritte.php,
true,GET,http://192.168.132.128/mutillidae/index.php?page=secret-administrative-pages.php,
true,GET,http://192.168.132.128/mutillidae/index.php?page=set-background-color.php,
true,POST,http://192.168.132.128/mutillidae/index.php?page=set-background-color.php,
true,GET,http://192.168.132.128/mutillidae/index.php?page=show-log.php,
true,GET,http://192.168.132.128/mutillidae/index.php?page=site-footer-xss-discussion.php,
true,GET,http://192.168.132.128/mutillidae/index.php?page=source-viewer.php,
true,POST,http://192.168.132.128/mutillidae/index.php?page=source-viewer.php,
true,POST,http://192.168.132.128/mutillidae/index.php?page=source-viewer.php,
true,POST,http://192.168.132.128/mutillidae/index.php?page=source-viewer.php,
true,GET,http://192.168.132.128/mutillidae/index.php?page=text-file-viewer.php,
true,POST,http://192.168.132.128/mutillidae/index.php?page=text-file-viewer.php,
true,GET,http://192.168.132.128/mutillidae/index.php?page=usage-instructions.php,
true,GET,http://192.168.132.128/mutillidae/index.php?page=user-info.php,
true,GET,http://192.168.132.128/mutillidae/index.php?page=user-info.php&password=ZAP&user-info-php-submit-button=View+Account+Details&username=ZAP,
true,GET,http://192.168.132.128/mutillidae/index.php?page=user-poll.php,
true,GET,http://192.168.132.128/mutillidae/index.php?page=view-someones-blog.php,
true,POST,http://192.168.132.128/mutillidae/index.php?page=view-someones-blog.php,
true,GET,http://192.168.132.128/mutillidae/javascript/bookmark-site.js,
true,GET,http://192.168.132.128/mutillidae/javascript/ddsmoothmenu/ddsmoothmenu.js,
true,GET,http://192.168.132.128/mutillidae/javascript/ddsmoothmenu/jquery.min.js,
true,GET,http://192.168.132.128/mutillidae/javascript/follow-mouse.js,
true,GET,http://192.168.132.128/mutillidae/javascript/html5-secrets.js,
true,GET,http://192.168.132.128/mutillidae/set-up-database.php,
true,GET,http://192.168.132.128/mutillidae/styles/ddsmoothmenu/ddsmoothmenu.css,
true,GET,http://192.168.132.128/mutillidae/styles/ddsmoothmenu/ddsmoothmenu-v.css,
true,GET,http://192.168.132.128/mutillidae/styles/global-styles.css,
true,GET,http://192.168.132.128/robots.txt,Seed
true,GET,http://192.168.132.128/script,
true,GET,http://192.168.132.128/sitemap.xml,Seed
true,GET,http://192.168.132.128/span,
true,GET,http://192.168.132.128/srv,
true,GET,http://192.168.132.128/srv/mutillidae,
true,GET,http://192.168.132.128/table,
true,GET,http://192.168.132.128/td,
true,GET,http://192.168.132.128/tr,
true,GET,http://192.168.132.128/u,
true,GET,http://192.168.132.128/usr/share/php:/usr/share/pear,
true,GET,http://192.168.132.128/var/www/mutillidae/add-to-your-blog.php,
true,GET,http://192.168.132.128/var/www/mutillidae/captured-data.txt.,
true,GET,http://192.168.132.128/var/www/mutillidae/classes/ClientInformationHandler.php,
true,GET,http://192.168.132.128/var/www/mutillidae/index.php,
true,GET,http://192.168.132.128/var/www/mutillidae/text-file-viewer.php,
true,GET,http://192.168.132.128/var/www/mutillidae.,
true,GET,http://192.168.132.128/xampp/htdocs/mutillidae/captured-data.txt.,
true,GET,"http://192.168.132.128/XamppLite/apache/bin/php.ini,",
true,GET,"http://192.168.132.128/XamppLite/PHP/php.ini,",
false,GET,http://192.168.56.101/mutillidae/index.php?page=view-someones-blog.php,Out of Scope
false,GET,http://docs.jquery.com/License,Out of Scope
false,GET,http://en.wikipedia.org/wiki/Robots_exclusion_standard,Out of Scope
false,GET,http://ha.ckers.org/xss.html,Out of Scope
false,GET,http://irongeek.com/,Out of Scope
false,GET,http://jquery.com/,Out of Scope
false,GET,"http://localhost/,",Out of Scope
false,GET,http://localhost/mutillidae,Out of Scope
false,GET,http://localhost/mutillidae/capture-data.php?cookie,Out of Scope
false,GET,http://localhost/mutillidae/capture-data.php?html5storage,Out of Scope
false,GET,http://localhost/mutillidae/index.php?input_from_form=hi%20there%20monkeyboy&page=add-to-your-blog.php,Out of Scope
false,GET,http://localhost/mutillidae/index.php?page=add-to-your-blog.php,Out of Scope
false,GET,http://localhost/mutillidae/index.php?page=pen-test-tool-lookup.php,Out of Scope
false,GET,http://localhost/mutillidae/index.php?page=phpinfo.php,Out of Scope
false,GET,http://localhost/mutillidae/index.php?page=view-someones-blog.php,Out of Scope
false,GET,http://localhost/mutillidae/phpinfo.php.,Out of Scope
false,GET,http://localhost/mutillidae.,Out of Scope
false,GET,http://localhost/mutillidae-1.5,Out of Scope
false,GET,http://localhost./,Out of Scope
false,GET,http://mutillidae/,Out of Scope
false,GET,http://samurai.inguardians.com/,Out of Scope
false,GET,http://sizzlejs.com/,Out of Scope
false,GET,http://some-ip/mutillidae/catch.php?cookie,Out of Scope
false,GET,http://www.backtrack-linux.org/,Out of Scope
false,GET,http://www.dynamicdrive.com/,Out of Scope
false,GET,http://www.dynamicdrive.com/dynamicindex1/ddlevelsmenu/,Out of Scope
false,GET,http://www.dynamicdrive.com/forums/showthread.php?highlight=smooth&t=39177,Out of Scope
false,GET,http://www.eclipse.org/pdt/,Out of Scope
false,GET,http://www.hackersforcharity.org/,Out of Scope
false,GET,http://www.hackersforcharity.org/ghdb/,Out of Scope
false,GET,http://www.irongeek.com/,Out of Scope
false,GET,http://www.irongeek.com/i.php?page=contact,Out of Scope
false,GET,http://www.irongeek.com/i.php?page=security/deliberately-insecure-web-applications-for-learning-web-app-security,Out of Scope
false,GET,http://www.irongeek.com/i.php?page=security/mutillidae-deliberately-vulnerable-php-owasp-top-10,Out of Scope
false,GET,http://www.madirish.net/?article=229,Out of Scope
false,GET,http://www.owasp.org/index.php/OWASP_Top_Ten_Project,Out of Scope
false,GET,http://www.owasp.org/index.php/Top_10_2007-A3,Out of Scope
false,GET,http://www.owasp.org/index.php/Top_10_2007-A6,Out of Scope
false,GET,http://www.owasp.org/index.php/Top_10_2010-A1,Out of Scope
false,GET,http://www.owasp.org/index.php/Top_10_2010-A10,Out of Scope
false,GET,http://www.owasp.org/index.php/Top_10_2010-A2,Out of Scope
false,GET,http://www.owasp.org/index.php/Top_10_2010-A3,Out of Scope
false,GET,http://www.owasp.org/index.php/Top_10_2010-A4,Out of Scope
false,GET,http://www.owasp.org/index.php/Top_10_2010-A5,Out of Scope
false,GET,http://www.owasp.org/index.php/Top_10_2010-A6,Out of Scope
false,GET,http://www.owasp.org/index.php/Top_10_2010-A7,Out of Scope
false,GET,http://www.owasp.org/index.php/Top_10_2010-A8,Out of Scope
false,GET,http://www.owasp.org/index.php/Top_10_2010-A9,Out of Scope
false,GET,http://www.php.net/,Out of Scope
false,GET,http://www.quest.com/toad-for-mysql/,Out of Scope
false,GET,http://www.textfiles.com/,Out of Scope
false,GET,http://www.textfiles.com/hacking/atms,Out of Scope
false,GET,http://www.w3.org/TR/1999/REC-html401-19991224/loose.dtd,Out of Scope
false,GET,http://www.w3.org/TR/html4/loose.dtd,Out of Scope
false,GET,http://www.youtube.com/user/webpwnized,Out of Scope
false,GET,https://addons.mozilla.org/en-US/firefox/addon/4510,Out of Scope
false,GET,https://addons.mozilla.org/en-US/firefox/collections/jdruin/pro-web-developer-qa-pack/,Out of Scope
false,GET,https://twitter.com/webpwnized,Out of Scope
false,GET,https://www.owasp.org/,Out of Scope
false,GET,https://www.owasp.org/index.php/Top_Ten,Out of Scope
